{"stats":{"minecraft:killed":{"minecraft:zombie":1},"minecraft:custom":{"minecraft:jump":22,"minecraft:time_since_rest":75785,"minecraft:damage_taken":125,"minecraft:damage_dealt":192,"minecraft:sprint_one_cm":1506,"minecraft:leave_game":3,"minecraft:play_time":75785,"minecraft:time_since_death":75785,"minecraft:walk_one_cm":8615,"minecraft:sneak_time":3,"minecraft:total_world_time":75785,"minecraft:mob_kills":1,"minecraft:fall_one_cm":478,"minecraft:fly_one_cm":1070},"minecraft:used":{"minecraft:dirt":3,"minecraft:spruce_log":1},"minecraft:mined":{"minecraft:grass_block":3,"minecraft:spruce_leaves":2,"minecraft:spruce_log":1},"minecraft:picked_up":{"minecraft:spruce_log":1,"minecraft:dirt":3}},"DataVersion":3465}