{"stats":{"minecraft:killed":{"minecraft:zombie":1},"minecraft:custom":{"minecraft:time_since_rest":123785,"minecraft:crouch_one_cm":307,"minecraft:play_time":123785,"minecraft:sprint_one_cm":3444,"minecraft:damage_taken":125,"minecraft:walk_one_cm":21266,"minecraft:sneak_time":202,"minecraft:mob_kills":1,"minecraft:jump":54,"minecraft:damage_dealt":237,"minecraft:leave_game":3,"minecraft:time_since_death":123785,"minecraft:total_world_time":123785,"minecraft:fall_one_cm":747,"minecraft:fly_one_cm":8352},"minecraft:used":{"minecraft:torch":4,"minecraft:dirt":3,"minecraft:grass_block":8,"minecraft:spruce_log":1},"minecraft:mined":{"minecraft:grass_block":4,"minecraft:dirt":1,"minecraft:spruce_leaves":2,"minecraft:spruce_log":1},"minecraft:picked_up":{"minecraft:rotten_flesh":1,"minecraft:spruce_log":1,"minecraft:dirt":5}},"DataVersion":3465}