{"stats":{"minecraft:used":{"naturalist:snake_spawn_egg":1,"naturalist:butterfly_spawn_egg":1,"naturalist:bluejay_spawn_egg":1,"naturalist:snail_spawn_egg":1,"wizards:arcane_robe_head":1,"naturalist:coral_snake_spawn_egg":1,"wizards:arcane_robe_feet":1,"naturalist:deer_spawn_egg":1,"naturalist:bear_spawn_egg":1,"naturalist:rattlesnake_spawn_egg":1,"naturalist:firefly_spawn_egg":1,"wizards:arcane_robe_chest":1,"wizards:arcane_robe_legs":1},"minecraft:custom":{"minecraft:time_since_rest":13485,"minecraft:play_time":13485,"minecraft:sprint_one_cm":592,"minecraft:damage_taken":70,"minecraft:walk_one_cm":9642,"minecraft:jump":7,"minecraft:time_since_death":13485,"minecraft:total_world_time":13485,"minecraft:fall_one_cm":966,"minecraft:fly_one_cm":650},"minecraft:mined":{"minecraft:grass":1,"minecraft:dark_oak_log":3},"minecraft:picked_up":{"minecraft:dark_oak_log":9}},"DataVersion":3465}