{"stats":{"minecraft:used":{"naturalist:dragonfly_spawn_egg":1,"naturalist:elephant_spawn_egg":1,"naturalist:cardinal_spawn_egg":1,"naturalist:bluejay_spawn_egg":2,"naturalist:snail_spawn_egg":1,"naturalist:robin_spawn_egg":1,"naturalist:finch_spawn_egg":1,"naturalist:rhino_spawn_egg":1,"naturalist:sparrow_spawn_egg":1,"wizards:arcane_robe_feet":1,"naturalist:catfish_spawn_egg":1,"minecraft:oak_planks":26,"naturalist:canary_spawn_egg":1,"naturalist:caterpillar_spawn_egg":1,"naturalist:zebra_spawn_egg":1,"naturalist:firefly_spawn_egg":1,"wizards:arcane_robe_chest":1,"naturalist:giraffe_spawn_egg":1,"naturalist:snake_spawn_egg":1,"naturalist:tortoise_spawn_egg":1,"naturalist:butterfly_spawn_egg":1,"naturalist:lion_spawn_egg":1,"naturalist:alligator_spawn_egg":1,"naturalist:vulture_spawn_egg":1,"naturalist:duck_spawn_egg":1,"wizards:arcane_robe_head":1,"naturalist:bass_spawn_egg":1,"movingelevators:elevator_block":9,"naturalist:coral_snake_spawn_egg":1,"movingelevators:display_block":42,"naturalist:deer_spawn_egg":1,"movingelevators:button_block":11,"naturalist:hippo_spawn_egg":1,"naturalist:rattlesnake_spawn_egg":1,"naturalist:bear_spawn_egg":1,"naturalist:boar_spawn_egg":1,"wizards:arcane_robe_legs":1},"minecraft:custom":{"minecraft:time_since_rest":37485,"minecraft:sprint_one_cm":3989,"minecraft:damage_taken":231,"minecraft:walk_one_cm":34540,"minecraft:drop":7,"minecraft:fly_one_cm":14206,"minecraft:crouch_one_cm":568,"minecraft:play_time":37485,"minecraft:sneak_time":1343,"minecraft:jump":46,"minecraft:time_since_death":37485,"minecraft:climb_one_cm":16,"minecraft:total_world_time":37485,"minecraft:fall_one_cm":966},"minecraft:mined":{"minecraft:dark_oak_log":3,"minecraft:grass":1},"minecraft:picked_up":{"minecraft:crafting_table":1,"create:netherite_diving_helmet":1,"minecraft:dark_oak_log":9,"minecraft:slime_ball":1},"minecraft:dropped":{"create:netherite_diving_helmet":1,"minecraft:crafting_table":1,"wizards:arcane_robe_legs":1,"wizards:arcane_robe_chest":1,"wizards:arcane_robe_feet":1,"wizards:arcane_robe_head":1,"wizards:frost_spell_book":1}},"DataVersion":3465}